{"cameraMode":{"drawMode":0,"name":"Shaded","section":"Shading Mode"},"sceneLighting":true,"audioPlay":false,"sceneViewState":{"m_AlwaysRefresh":false,"showFog":true,"showSkybox":true,"showFlares":true,"showImageEffects":true,"showParticleSystems":true,"showVisualEffectGraphs":true,"m_FxEnabled":true},"in2DMode":false,"pivot":{"x":5.81187629699707,"y":26.554630279541017,"z":3.6865806579589845},"rotation":{"x":0.16471323370933534,"y":-0.19680942595005036,"z":0.033560268580913547,"w":0.9659330248832703},"size":23.03580665588379,"orthographic":false}